<?xml version="1.0" encoding="UTF-8"?>
<!-- 
/*******************************************************************************
 * Copyright 2015, OSRAM GmbH
 *
 * Licensed under the Apache License, Version 2.0 (the "License");
 * you may not use this file except in compliance with the License.
 * You may obtain a copy of the License at
 *
 * http://www.apache.org/licenses/LICENSE-2.0
 *
 * Unless required by applicable law or agreed to in writing, software
 * distributed under the License is distributed on an "AS IS" BASIS,
 * WITHOUT WARRANTIES OR CONDITIONS OF ANY KIND, either express or implied.
 * See the License for the specific language governing permissions and
 * limitations under the License.
 *
 *******************************************************************************
 *
 * OSRAM License Details : Refer OSRAM License agreement included in Package
 *
 *******************************************************************************/
 -->
<configuration>

	<property name="LOG_HOME" value="OSRAMLogs" />

	<appender name="STDOUT" class="ch.qos.logback.core.ConsoleAppender">
		<encoder class="ch.qos.logback.classic.encoder.PatternLayoutEncoder">
			<Pattern>
				%d{yyyy-MM-dd HH:mm:ss:SSS} [%thread] %-5level %logger{36} - %msg%n
			</Pattern>
		</encoder>
	</appender>

	<appender name="FILE-AUDIT"
		class="ch.qos.logback.core.rolling.RollingFileAppender">
		<file>${LOG_HOME}/sampleApp_debug.log</file>
		<encoder class="ch.qos.logback.classic.encoder.PatternLayoutEncoder">
			<Pattern>
				%d{yyyy-MM-dd HH:mm:ss:SSS} [%thread] %-5level %logger{36} - %msg%n
			</Pattern>
		</encoder>

		<rollingPolicy class="ch.qos.logback.core.rolling.TimeBasedRollingPolicy">
			<!-- rollover daily -->
			<fileNamePattern>${LOG_HOME}/archived/debug.%d{yyyy-MM-dd}.%i.log
			</fileNamePattern>
			<timeBasedFileNamingAndTriggeringPolicy
				class="ch.qos.logback.core.rolling.SizeAndTimeBasedFNATP">
				<maxFileSize>10MB</maxFileSize>
			</timeBasedFileNamingAndTriggeringPolicy>
		</rollingPolicy>

	</appender>

	<!-- Send logs to both console and file audit -->

	<root level="DEBUG">
		<appender-ref ref="FILE-AUDIT" />
		<appender-ref ref="STDOUT" />
	</root>
	<shutdownHook/>
</configuration>